Albert Einstein,einstein01,mcpower2,catss.jpg,banned,yyyy-MM-dd HH:mm:ss
Isaac Newton,newton02,apple10,Isaac.jpg,banned,yyyy-MM-dd HH:mm:ss
Nathanont,nate,112,mymatenate.jpg,not banned,yyyy-MM-dd HH:mm:ss
Paolo Maldini,Maldi,Bess9073!,Maldini.jpg,banned,yyyy-MM-dd HH:mm:ss
Kitasan Black,Kitachan,kita,Kita.jpg,banned,yyyy-MM-dd HH:mm:ss
testname,testuser,test123,pfp.png,not banned,yyyy-MM-dd HH:mm:ss
Wonyoung,wonyoung,ive,wonyoung.png,not banned,yyyy-MM-dd HH:mm:ss
wasd,wasd,wasd,default-pfp.jpg,not banned,2023-10-12 22:13:16
Yui Mizuno,Yuimetal,yai,2023-09-21_1695311704392.jpg,not banned,yyyy-MM-dd HH:mm:ss
winter,winter,aespa,2023-10-08_1696783741228.jpg,not banned,yyyy-MM-dd HH:mm:ss
admin,admin,admin,2023-10-11_1697027585536.jpg,not banned,yyyy-MM-dd HH:mm:ss
A,A,A,default-pfp.jpg,not banned,2023-10-12 21:45:13
