newton02,ไปเที่ยว ดวงจันทร์,join,unbanned
nate,ไปเที่ยว ดวงจันทร์,join,unbanned
nate,คืนพุทธ มุดผ้าห่ม on stage,join,unbanned
einstein01,คืนพุทธ มุดผ้าห่ม on stage,join,unbanned
wasd,tremty,join,unbanned
wasd,Valorant,join,unbanned
nate,Karina's concert,join,unbanned
wasd,VALORANT Challengers 2024,join,unbanned
wasd,VALORANT Challengers 2024,Setup Quarter Finals,unbanned
wasd,VALORANT Challengers 2024,Setup Semi Finals,unbanned
wasd,VALORANT Challengers 2024,Setup Grand Final,unbanned
jett,VALORANT Challengers 2024,Setup Quarter Finals,unbanned
jett,VALORANT Challengers 2024,Setup Semi Finals,unbanned
jett,VALORANT Challengers 2024,Setup Grand Final,unbanned
jett,VALORANT Challengers 2024,join,unbanned
jett,Red Bull Home Ground,join,unbanned
jett,Red Bull Home Ground,Redbull backstage,unbanned
wasd,ESL Thailand Championship 2024,join,unbanned

